episode,agent_id,total_reward,success,evacuation_time,distance_travelled,direct_distance,path_efficiency,collisions_obstacle,collisions_agent,total_collisions,stationary_steps,congestion_ratio,discovery_steps,info_sharing_steps,communication_efficiency,group_success_rate,coordination_index,bottleneck_time,near_miss_events,safety_violations,risk_exposure_time,time_to_first_movement,exploration_time,exploration_ratio,waiting_time,scenario_id,algorithm,num_obstacles,num_exits,num_agents,initial_position,trajectory
1,agent_0,32.932623582687576,1,37,1.7279387852986539,1.3244094056203977,0.7664677805073339,0,61,61,5,0.13513513513513514,31,1,0.8378378378378378,1.0,0.998401761469287,0,31,92,0,1,30,0.8108108108108109,0,4,dqn,0,0,6,"[0.33651282608578725, -0.573553040943185]","[[0.33651282608578725, -0.573553040943185], [0.33651282608578725, -0.573553040943185], [0.33651282608578725, -0.543553040943185], [0.33651282608578725, -0.489553040943185], [0.33651282608578725, -0.41635304094318504], [0.33651282608578725, -0.327793040943185], [0.33651282608578725, -0.227793040943185], [0.33651282608578725, -0.127793040943185], [0.33651282608578725, -0.027793040943184993], [0.33651282608578725, 0.07220695905681501], [0.33651282608578725, 0.17220695905681502], [0.33651282608578725, 0.272206959056815], [0.33651282608578725, 0.372206959056815], [0.33651282608578725, 0.472206959056815], [0.33651282608578725, 0.522206959056815], [0.3384240122074789, 0.5296260642092229], [0.34162104404923066, 0.5615020228164667], [0.34509512613018034, 0.552720507902566], [0.3486461731388166, 0.5122760226874885], [0.3524677256200554, 0.5076803677210068], [0.3563867212627216, 0.4722564395237677], [0.36272563428397664, 0.4734816740178226], [0.3996080500929042, 0.4726757425662582], [0.43166754142117464, 0.4999948605679995], [0.4575794014384344, 0.48907682259474955], [0.4763738641925655, 0.5113948346869013], [0.49416223754436195, 0.5556114066588951], [0.51148509186332, 0.5588024000897048], [0.532734046527403, 0.5308468268914768], [0.5564376723798677, 0.5437468058478526], [0.5830751055752034, 0.5261778019585344], [0.6078402126700622, 0.5451165110331528], [0.6306575637545863, 0.5329859146344699], [0.6495065766753294, 0.4962891533369104], [0.6640235494702005, 0.49967622148079555], [0.6719851748984642, 0.5311606747930444], [0.6780839448837732, 0.5839258253218226]]"
1,agent_1,37.00896086264261,1,35,1.3576932714015917,0.9956388430544991,0.7333312052336153,0,57,57,1,0.02857142857142857,33,1,0.9428571428571428,1.0,0.998401761469287,0,31,88,0,1,32,0.9142857142857143,0,4,dqn,0,0,6,"[-0.19193564647192596, 0.25756637972277785]","[[-0.19193564647192596, 0.25756637972277785], [-0.19193564647192596, 0.25756637972277785], [-0.16193564647192596, 0.25756637972277785], [-0.13793564647192597, 0.25756637972277785], [-0.11873564647192596, 0.25756637972277785], [-0.10337564647192594, 0.25756637972277785], [-0.06108764647192593, 0.25756637972277785], [0.002742753528074092, 0.25756637972277785], [0.08380707352807412, 0.25756637972277785], [0.14828680321689985, 0.2868280738411205], [0.19898090454428502, 0.34099028619840616], [0.24002655379193896, 0.41026862996963503], [0.2730634604083111, 0.49258915434226325], [0.2996256627072958, 0.5264755748230999], [0.3217251340652704, 0.579949889719464], [0.34306831715182545, 0.5941124564539124], [0.362340442160294, 0.6406073003685894], [0.3802829674244189, 0.6520125756435018], [0.3965592038460614, 0.6336844983470634], [0.4104344964780975, 0.5898273794166526], [0.42153473058372637, 0.524741684272324], [0.43041491786822944, 0.5026731281568612], [0.43815529358819544, 0.5155308464575047], [0.445831177763838, 0.4963706164761138], [0.45422733558748857, 0.512604645968426], [0.4661423861247161, 0.5543416943225605], [0.4775472101493415, 0.5620467228359356], [0.4894289666725173, 0.5410740668323731], [0.4999061402751965, 0.4976902874324095], [0.5127873393235624, 0.4957969651912968], [0.5559132147938286, 0.4869971916240508], [0.6003323405025269, 0.5071727542068908], [0.6394821479222264, 0.4899100470680799], [0.6712742726979737, 0.5035920427101447], [0.6973134193363199, 0.5417957871325711]]"
1,agent_2,24.43025047037138,1,37,2.1285596050576103,1.9063246427516698,0.895593733068177,0,53,53,2,0.05405405405405406,35,1,0.9459459459459459,1.0,0.998401761469287,0,18,71,0,1,34,0.918918918918919,0,4,dqn,0,0,6,"[-0.5892609824061907, -0.7042363628703345]","[[-0.5892609824061907, -0.7042363628703345], [-0.5892609824061907, -0.7042363628703345], [-0.5592609824061907, -0.7042363628703345], [-0.5052609824061907, -0.7042363628703345], [-0.46206098240619065, -0.6742363628703345], [-0.4275009824061906, -0.6202363628703345], [-0.3998529824061906, -0.5470363628703344], [-0.3777345824061906, -0.4584763628703344], [-0.3300398624061906, -0.38762836287033436], [-0.29188408640619057, -0.3009499628703343], [-0.2625127469217474, -0.20536060981838822], [-0.24096241002078833, -0.10771030014424965], [-0.19372214050002107, -0.029590052404938783], [-0.15592992488340726, 0.06290614578650992], [-0.12801390195061435, 0.1589305992534044], [-0.07568108360438001, 0.23575016202691995], [-0.03405745196965488, 0.3266758090663373], [0.02924145333812523, 0.3994163266978712], [0.10988057758434933, 0.4576087408030983], [0.17439187698132863, 0.47416267208728], [0.22573196448529365, 0.45733375451523867], [0.2651756361979062, 0.47440764871079744], [0.2936363458671032, 0.45774754988861605], [0.31350289552449184, 0.47638012675708064], [0.3556466892910539, 0.4930310549821629], [0.3858162792194533, 0.5366963460988566], [0.40616192490214953, 0.5403121621851428], [0.41848379343834907, 0.5118908078146102], [0.45299636469533633, 0.48847109905737807], [0.47525297179197434, 0.49796981683782066], [0.4873550598042541, 0.4712908067615201], [0.4869010883366389, 0.4773591499114077], [0.5133678182848167, 0.477460548298163], [0.532960837294084, 0.5045099449541135], [0.5772184545128086, 0.5224118739712764], [0.6119004551646394, 0.561815459506508], [0.63895334958959, 0.6186412614876644]]"
1,agent_3,36.25153745761444,1,38,1.6498831997704417,1.1828585912314729,0.7169347450753187,0,76,76,2,0.05263157894736842,35,1,0.9210526315789473,1.0,0.998401761469287,0,20,96,1,1,34,0.8947368421052632,1,4,dqn,0,0,6,"[0.09207826715189005, -0.3146849824359559]","[[0.09207826715189005, -0.3146849824359559], [0.09207826715189005, -0.3146849824359559], [0.09207826715189005, -0.28468498243595586], [0.09207826715189005, -0.23068498243595587], [0.09207826715189005, -0.15748498243595585], [0.09207826715189005, -0.06892498243595582], [0.09207826715189005, 0.031075017564044183], [0.09207826715189005, 0.1310750175640442], [0.12207826715189005, 0.2110750175640442], [0.14607826715189004, 0.3050750175640442], [0.19654246141146292, 0.37873929036048454], [0.23596043960631669, 0.47064262541982843], [0.2672944349439508, 0.5172674441116585], [0.292228954208171, 0.5265372980823885], [0.3113268601007603, 0.5675880027472776], [0.3210303926929648, 0.571626346509424], [0.32492755728310546, 0.6037515565067054], [0.3246040070903196, 0.5995246061610553], [0.3216511693818719, 0.5670146166848604], [0.3174538808460618, 0.5124413489915844], [0.3132342963597386, 0.5005301390610173], [0.3366608817738445, 0.4914411499694755], [0.35494753354111286, 0.516767063992736], [0.36867126744246165, 0.5103085485774927], [0.37844860271408587, 0.5376728480864235], [0.41525973848262454, 0.5628284360354733], [0.44399900818885046, 0.5575015626909227], [0.46605827967643154, 0.5265620038708647], [0.48034454749404637, 0.5341063274444101], [0.48504381815592007, 0.5063321443860401], [0.48223816513944784, 0.5204798318534581], [0.4757416695601385, 0.5070700736875436], [0.49678529062025784, 0.5005170863942136], [0.5108702951634078, 0.529374102155652], [0.5475611870098631, 0.5563108147408525], [0.5718588297639738, 0.6110377987852671], [0.5869750484089233, 0.687313216514593], [0.5960243985935667, 0.7199195284215317]]"
1,agent_4,41.46851080946762,1,13,0.9457599999999999,1.1090647671092204,1.1726704101560865,0,0,0,1,0.07692307692307693,12,1,0.9230769230769231,1.0,0.998401761469287,0,0,0,0,1,11,0.8461538461538461,0,4,dqn,0,0,6,"[0.665177192029194, -0.408517942880519]","[[0.665177192029194, -0.408517942880519], [0.665177192029194, -0.408517942880519], [0.665177192029194, -0.378517942880519], [0.665177192029194, -0.324517942880519], [0.665177192029194, -0.251317942880519], [0.665177192029194, -0.16275794288051898], [0.665177192029194, -0.06275794288051897], [0.665177192029194, 0.03724205711948103], [0.665177192029194, 0.13724205711948104], [0.665177192029194, 0.23724205711948104], [0.665177192029194, 0.3372420571194811], [0.665177192029194, 0.43724205711948105], [0.665177192029194, 0.537242057119481]]"
1,agent_5,36.236438246014785,1,36,1.0348956452364888,0.8537289631084565,0.8249420770471664,0,61,61,3,0.08333333333333333,34,1,0.9444444444444444,1.0,0.998401761469287,0,22,83,0,1,33,0.9166666666666666,0,4,dqn,0,0,6,"[-0.0703999321372859, 0.3321181072502948]","[[-0.0703999321372859, 0.3321181072502948], [-0.0703999321372859, 0.3321181072502948], [-0.0403999321372859, 0.3321181072502948], [-0.01639993213728589, 0.3321181072502948], [0.0028000678627141187, 0.3321181072502948], [0.018160067862714124, 0.3321181072502948], [0.03044806786271413, 0.3321181072502948], [0.040278467862714135, 0.3321181072502948], [0.04814278786271414, 0.3321181072502948], [0.054805970173888434, 0.3628564131319521], [0.0597620041869304, 0.3882299279782262], [0.09372683139736399, 0.40852873985524546], [0.12089869316571085, 0.4547677893568609], [0.14263618258038835, 0.46175902895815324], [0.16002617411213035, 0.4973520206391871], [0.17393816733752396, 0.49582641398401417], [0.18506776191783883, 0.5246059286598759], [0.19397143758209073, 0.5176295404005652], [0.20109437811349226, 0.4820484297931167], [0.2367927305386135, 0.45358354130715783], [0.2656203644923289, 0.4608836931177775], [0.2903049004355741, 0.4361824304083233], [0.31115386217079266, 0.44541708497668886], [0.35760349486860415, 0.44904594079793625], [0.3971945813978771, 0.4788841657807162], [0.4301605291362761, 0.46934378165737045], [0.4564073657522886, 0.4878016827412136], [0.47644157439145934, 0.5298790139533147], [0.4928125746541633, 0.5290415560941992], [0.5067886460780755, 0.4958686081440686], [0.5197423216832698, 0.5024153029992795], [0.5311192913399202, 0.4747597221896593], [0.5405303701580259, 0.483898435299177], [0.5513220795736191, 0.5196418450696418], [0.5959061476068228, 0.5481204361268541], [0.6373525658795882, 0.6026436526748686]]"
2,agent_0,42.66043132115313,1,13,0.878989509519437,0.9924379803850872,1.1290669224569871,0,0,0,1,0.07692307692307693,11,1,0.8461538461538461,1.0,0.9986621103841515,0,0,0,0,1,10,0.7692307692307693,0,4,dqn,0,0,6,"[0.8519177119041206, -0.2807416345402327]","[[0.8519177119041206, -0.2807416345402327], [0.8519177119041206, -0.2807416345402327], [0.8519177119041206, -0.2507416345402327], [0.8519177119041206, -0.1967416345402327], [0.8519177119041206, -0.12354163454023268], [0.8519177119041206, -0.03498163454023265], [0.8519177119041206, 0.06501836545976736], [0.8519177119041206, 0.16501836545976736], [0.8519177119041206, 0.26501836545976737], [0.8219177119041206, 0.3450183654597674], [0.7979177119041205, 0.4390183654597674], [0.7799633393894452, 0.5373933648630929], [0.7655998413777049, 0.5860933643857532]]"
2,agent_1,26.578798119969196,1,37,2.4316079310646344,1.744849250281346,0.7175701427809524,0,45,45,1,0.02702702702702703,32,1,0.8648648648648649,1.0,0.9986621103841515,0,18,63,0,1,31,0.8378378378378378,0,4,dqn,0,0,6,"[-0.5028485292779543, -0.5639835132711333]","[[-0.5028485292779543, -0.5639835132711333], [-0.5028485292779543, -0.5639835132711333], [-0.4728485292779543, -0.5639835132711333], [-0.4188485292779543, -0.5639835132711333], [-0.3756485292779543, -0.5339835132711332], [-0.3410885292779543, -0.47998351327113326], [-0.3134405292779543, -0.40678351327113327], [-0.2913221292779543, -0.31822351327113324], [-0.27404020268433804, -0.21972815798362305], [-0.23021466140944502, -0.14093187375361488], [-0.19515422838953062, -0.047894846369608335], [-0.16921493681273939, 0.04868234116706727], [-0.11846350355130639, 0.12594409119640776], [-0.07801861530924042, 0.21740015176697244], [-0.04809263419178136, 0.3128173182212195], [0.005848150702185896, 0.38915105138461714], [0.04866945590136939, 0.4795188322638574], [0.08042482585361985, 0.5743428612818005], [0.13582912181542023, 0.6502020844961549], [0.17974004801859425, 0.7400454513073971], [0.21486878898113349, 0.7819201447563908], [0.24127486245455146, 0.7852316158511283], [0.26035469528593963, 0.7596876689461668], [0.27522238941388005, 0.7111707658307164], [0.2872526862933335, 0.6460149623167041], [0.30097088846239156, 0.5655438223283611], [0.34552176637374865, 0.4998545513428887], [0.3812014825560141, 0.47374061562384207], [0.40907504843789083, 0.4789556785000079], [0.43147416630857766, 0.5074385395371939], [0.48066146940767324, 0.5245236706030003], [0.5188643682489346, 0.5627332325425468], [0.5536949818713054, 0.616366966540019], [0.5843271039623356, 0.6836349908389706], [0.6121428103818194, 0.765060749358922], [0.6361278152143875, 0.8007191551721747], [0.6551093630759386, 0.801075029852618]]"
2,agent_2,38.35747701602665,1,33,1.6481633131284679,1.0851371273651533,0.6583917496048349,0,32,32,3,0.09090909090909091,31,1,0.9393939393939394,1.0,0.9986621103841515,0,17,49,0,1,30,0.9090909090909091,0,4,dqn,0,0,6,"[0.25626545859503347, -0.2902637234345309]","[[0.25626545859503347, -0.2902637234345309], [0.25626545859503347, -0.2902637234345309], [0.25626545859503347, -0.26026372343453086], [0.25626545859503347, -0.20626372343453087], [0.25626545859503347, -0.13306372343453085], [0.25626545859503347, -0.04450372343453082], [0.25626545859503347, 0.05549627656546918], [0.2862654585950335, 0.1354962765654692], [0.3102654585950335, 0.22949627656546923], [0.32821983110970887, 0.3278712759687946], [0.34131984805143595, 0.4270095105512526], [0.35179986160481763, 0.47632009821721893], [0.360183872447523, 0.48576856834999205], [0.3668910811216872, 0.5233273444562105], [0.37225684806101866, 0.5833743653411854], [0.3765494616124838, 0.6014119820491652], [0.37998355245365595, 0.6458420754155492], [0.3827308251265936, 0.7113861501086562], [0.38492864326494375, 0.7338214098631419], [0.38717929516309507, 0.7816724118077244], [0.38991699719519274, 0.7893487964943732], [0.3947561289126829, 0.7653322340851741], [0.4005396884174146, 0.7142866088266631], [0.40599410772528777, 0.7018303494912485], [0.41061844395187486, 0.6611434490723116], [0.41576397753640365, 0.5966248134624066], [0.42296471065535285, 0.5138583498730174], [0.4318072662776685, 0.4782852289407166], [0.4414382394637556, 0.47871833511281825], [0.4543375741986329, 0.5069420670763868], [0.5020030285483119, 0.5267645735528229], [0.5512525459997424, 0.5680469051704399], [0.6020418880366303, 0.6295033457447512]]"
2,agent_3,33.884635326187734,1,44,2.044772834926615,1.2796093189261997,0.6257953436534791,0,62,62,3,0.06818181818181818,32,1,0.7272727272727273,1.0,0.9986621103841515,0,32,94,0,1,31,0.7045454545454546,0,4,dqn,0,0,6,"[-0.4628508630222796, 0.1659795140155087]","[[-0.4628508630222796, 0.1659795140155087], [-0.4628508630222796, 0.1659795140155087], [-0.4328508630222796, 0.1659795140155087], [-0.3788508630222796, 0.1659795140155087], [-0.3356508630222796, 0.1659795140155087], [-0.3010908630222796, 0.1959795140155087], [-0.2434428630222796, 0.2199795140155087], [-0.1673244630222796, 0.2391795140155087], [-0.10642974302227959, 0.25453951401550867], [-0.027713967022279573, 0.2668275140155087], [0.035258653777720445, 0.3066579140155087], [0.08563675041772045, 0.3685222340155087], [0.12593922772972047, 0.4480136900155087], [0.15818120957932047, 0.5416068548155087], [0.1839747950590005, 0.5864813866555088], [0.2046096634427445, 0.5923810121275088], [0.2211175581497397, 0.6271007125051088], [0.23340976495314075, 0.6867543760682], [0.24054681571935535, 0.7041358480270214], [0.24519172459989977, 0.7473077186033201], [0.24890765170433532, 0.7518452150643591], [0.2535773126844972, 0.7256634958976478], [0.2593580674159729, 0.7329112443450302], [0.26437884333832357, 0.7067911886944173], [0.268259322499103, 0.6522374251955789], [0.2974938772406735, 0.6069997535687247], [0.3179664476417289, 0.5421693771752194], [0.3648551925087131, 0.49334116247872073], [0.4011182185329692, 0.4856154213919552], [0.42649675091262673, 0.510434723744857], [0.47175545278557346, 0.5307701441295704], [0.4990727523236113, 0.5776283959523008], [0.518459186020287, 0.6430104389031195], [0.5330028106869795, 0.6631399683204131], [0.5458785341279457, 0.7151400086421927], [0.5602447414138428, 0.7251332038394093], [0.5754547322640845, 0.7057282193070148], [0.5920790037730908, 0.6627373389650585], [0.607962734414455, 0.5997294671159045], [0.6216925552101575, 0.5193034096452319], [0.6328877072311605, 0.4852088160447405], [0.6429500245902714, 0.48836532446191155], [0.6530344686407662, 0.5218623066057217], [0.6635920895703996, 0.5802877599924042]]"
2,agent_4,31.56520825345113,1,46,2.464174124969711,1.4479889552853138,0.5876163297928925,0,56,56,3,0.06521739130434782,33,1,0.717391304347826,1.0,0.9986621103841515,0,34,90,0,1,32,0.6956521739130435,0,4,dqn,0,0,6,"[-0.0216130160494441, -0.5553671453787052]","[[-0.0216130160494441, -0.5553671453787052], [-0.0216130160494441, -0.5553671453787052], [0.008386983950555905, -0.5553671453787052], [0.03238698395055591, -0.5253671453787052], [0.05158698395055592, -0.4713671453787052], [0.06694698395055593, -0.39816714537870523], [0.07923498395055593, -0.3096071453787052], [0.08893673982044982, -0.21007887837359263], [0.09599917346413404, -0.1103285799728933], [0.10113803462603208, -0.010460706730500008], [0.10487636803027736, 0.0894693931561643], [0.10759553298500077, 0.1894324170297397], [0.1397708649487795, 0.26940283612860005], [0.16551113051980249, 0.36337917140768833], [0.1847242497960528, 0.46151609640371916], [0.23009474521705303, 0.5400256364005438], [0.26639114155385324, 0.6328332683980036], [0.29447220904752097, 0.7288095865625179], [0.3196337777189614, 0.7759320999857809], [0.3403353670010698, 0.7844606235741559], [0.35595945791317996, 0.821887859313873], [0.36580976055105596, 0.8219873180641647], [0.37177774853061724, 0.79389926039555], [0.37572456721017844, 0.743048573389264], [0.3786212213735388, 0.6730899167348404], [0.379492480100968, 0.5890921066860569], [0.37733070468199315, 0.5531122425311243], [0.40416744170008795, 0.5237757458594401], [0.4270502984751733, 0.5335934719045501], [0.447501282115894, 0.5171031833605473], [0.466061964296175, 0.5404508253227934], [0.4873898834852179, 0.5957018596889525], [0.49965915594639226, 0.6166557657127854], [0.5075467055203953, 0.6681640837930926], [0.5134683316864601, 0.676247710460772], [0.5172343326557662, 0.7138036555875705], [0.5191566302087083, 0.7081722088423744], [0.516072382877594, 0.6765557866728388], [0.5103599130398344, 0.6240178726951647], [0.5041547495829726, 0.5535162041711131], [0.4991906188174831, 0.5271148693518718], [0.49454322414192986, 0.5368943176645118], [0.49082530840148725, 0.5747178763146238], [0.5178509758091332, 0.6049767232347134], [0.5394715097352499, 0.6591838007707851], [0.5867679368761434, 0.7025494627996425]]"
2,agent_5,21.725394761811845,1,44,2.6409023096545816,1.9644705742310864,0.7438634011751954,0,45,45,1,0.022727272727272728,34,1,0.7727272727272727,1.0,0.9986621103841515,0,18,63,0,1,33,0.75,0,4,dqn,0,0,6,"[-0.7634480045358734, -0.6105207266730979]","[[-0.7634480045358734, -0.6105207266730979], [-0.7634480045358734, -0.6105207266730979], [-0.7334480045358733, -0.6105207266730979], [-0.6794480045358733, -0.6105207266730979], [-0.6062480045358732, -0.6105207266730979], [-0.5476880045358732, -0.5805207266730978], [-0.5008400045358732, -0.5265207266730978], [-0.46336160453587316, -0.45332072667309775], [-0.43337888453587314, -0.3647607266730977], [-0.37939270853587315, -0.2939127266730977], [-0.3362037677358731, -0.20723432667309766], [-0.3033541113717081, -0.11278381012206828], [-0.2470743862803761, -0.03722339688124478], [-0.2025117633150004, 0.05229851459547567], [-0.16940727077212098, 0.14666001401912007], [-0.11292367673781743, 0.2221492135580356], [-0.0682092873436405, 0.3115954173964653], [-0.03498684562161559, 0.40591545432408027], [0.02159110775600434, 0.4813714838661723], [0.0663757417363457, 0.570782537764708], [0.10220344892061878, 0.6123113808835365], [0.13086561466803726, 0.6755344553785994], [0.15379534726597202, 0.6961129149746497], [0.17213913334431985, 0.6825756826514899], [0.18681416220699812, 0.6417458967929621], [0.22833004921869846, 0.6090232261110565], [0.2606559921937411, 0.5527308588697231], [0.3143189176940246, 0.508135952997547], [0.3551970391786743, 0.5028384598775699], [0.3840919052342958, 0.5297569817772245], [0.4314380314775446, 0.5527295848554689], [0.4617550106539731, 0.6039790474833729], [0.47761104019382516, 0.6188334378361036], [0.4832379433737956, 0.6643374130342674], [0.5104125015938294, 0.699823967089465], [0.5259181004911518, 0.6976874249505338], [0.5350157183240354, 0.6685413953960356], [0.5420424768234833, 0.6098785803269718], [0.5470700871530836, 0.5287626586758754], [0.5506728922549216, 0.49155650107022925], [0.583343840951951, 0.4615453226096658], [0.6090504942304278, 0.4662036803756178], [0.627581226690003, 0.49895859117830615], [0.6399157469684257, 0.5535346521488225]]"
3,agent_0,30.69852881510776,1,35,1.1832477593815374,1.1270764031209988,0.9525278152312764,0,29,29,3,0.08571428571428572,32,1,0.9142857142857143,1.0,0.9992013999643106,0,17,46,0,1,31,0.8857142857142857,0,4,dqn,0,0,6,"[-0.3880044976023216, 0.40581055139708355]","[[-0.3880044976023216, 0.40581055139708355], [-0.3880044976023216, 0.40581055139708355], [-0.35800449760232156, 0.40581055139708355], [-0.33400449760232154, 0.40581055139708355], [-0.31480449760232154, 0.40581055139708355], [-0.29944449760232156, 0.40581055139708355], [-0.25715649760232157, 0.40581055139708355], [-0.19332609760232156, 0.40581055139708355], [-0.14226177760232153, 0.4358105513970836], [-0.10141032160232151, 0.4298105513970836], [-0.0687291568023215, 0.4550105513970836], [-0.04258422496232149, 0.44517055139708356], [-0.021668279490321476, 0.40729855139708354], [-0.004935523112721465, 0.40700095139708353], [0.008450681989358545, 0.4067628713970835], [0.01915964607102255, 0.4065724073970835], [0.027726817336353758, 0.4064200361970835], [0.034580554348618724, 0.4062981392370835], [0.040063543958430696, 0.4362006216690835], [0.07444993564628027, 0.46012260761468354], [0.10195904899655994, 0.44926019637116354], [0.12396633967678368, 0.4405702673763475], [0.17157217222096266, 0.43361832418049473], [0.20965683825630585, 0.4580567696238125], [0.2401245710845804, 0.4476075259784667], [0.29627793743014164, 0.43674828630848106], [0.34177861325341086, 0.4558385780989087], [0.40575292506391125, 0.47132729723210054], [0.4635949150550455, 0.5130888952216841], [0.5117862307687204, 0.5166135617238818], [0.547283076280349, 0.5485261840757714], [0.574600150168399, 0.5373119615278167], [0.6005317880508914, 0.5627985327931492], [0.6268724260439072, 0.5530229620690322], [0.6513244812546929, 0.577348081008757]]"
3,agent_1,19.19288706888904,1,39,2.3639361787173616,2.0714999439981643,0.8762926692556188,0,41,41,1,0.02564102564102564,36,1,0.9230769230769231,1.0,0.9992013999643106,0,21,62,0,1,35,0.8974358974358975,0,4,dqn,0,0,6,"[-0.9733673041450561, -0.5210462249246359]","[[-0.9733673041450561, -0.5210462249246359], [-0.9733673041450561, -0.5210462249246359], [-0.9433673041450561, -0.5210462249246359], [-0.889367304145056, -0.5210462249246359], [-0.816167304145056, -0.5210462249246359], [-0.7276073041450559, -0.5210462249246359], [-0.6567593041450559, -0.5210462249246359], [-0.6000809041450559, -0.4910462249246359], [-0.5547381841450558, -0.4370462249246359], [-0.5184640081450558, -0.3638462249246359], [-0.48944466734505576, -0.2752862249246359], [-0.4670111460498287, -0.17783502112346883], [-0.41906432901364704, -0.09987405808253517], [-0.3807131721280378, -0.007520450868006803], [-0.3200322466195504, 0.0663624349036159], [-0.2721916241671091, 0.15417629965949015], [-0.20391912620515612, 0.22442739146418955], [-0.15039705536299727, 0.3088986169363403], [-0.11021458659601557, 0.4004702785123461], [-0.048068611582430205, 0.4737276077731508], [0.0316481684284381, 0.5323334711817945], [0.09542159243713275, 0.5492181619087095], [0.14644033164408848, 0.5327259144902415], [0.18725532300965306, 0.48953211655546713], [0.21990731610210473, 0.4849770782076476], [0.27424973049312446, 0.483832892283101], [0.3163553462668103, 0.45544673687479137], [0.34813129082756333, 0.4663338565787967], [0.3732330615082251, 0.5025571730780386], [0.3938873563747165, 0.5016666877647261], [0.4410096873496756, 0.5010580768019185], [0.47979349103829666, 0.530388431847359], [0.5098374368965741, 0.5230780286638683], [0.5295792433405213, 0.547061902830576], [0.5403524225741648, 0.534951370016424], [0.5437341620659244, 0.5541806272317005], [0.5426208447224569, 0.5985494070397738], [0.5693019392792622, 0.6331904665762446], [0.5894553546128367, 0.6904132804146043]]"
3,agent_2,41.00486587697965,1,142,4.157532623367075,1.0756203625974794,0.25871603665886883,0,139,139,9,0.06338028169014084,37,1,0.2605633802816901,1.0,0.9992013999643106,0,114,253,3,1,36,0.2535211267605634,3,4,dqn,0,0,6,"[0.06259259763382219, -0.16641270064740787]","[[0.06259259763382219, -0.16641270064740787], [0.06259259763382219, -0.16641270064740787], [0.06259259763382219, -0.13641270064740788], [0.06259259763382219, -0.08241270064740787], [0.06259259763382219, -0.009212700647407854], [0.06259259763382219, 0.07934729935259217], [0.06259259763382219, 0.1793472993525922], [0.09259259763382219, 0.2593472993525922], [0.1165925976338222, 0.35334729935259224], [0.1657925976338222, 0.4285472993525923], [0.2051525976338222, 0.5187072993525923], [0.23664059763382223, 0.5608352993525924], [0.2618309976338222, 0.5645376993525923], [0.28198331763382223, 0.5374996193525924], [0.2981051736338222, 0.4858691553525924], [0.3108339852975908, 0.474754180568655], [0.320143472144219, 0.49689764829490385], [0.32622983492105934, 0.4863497092162251], [0.33035033857363444, 0.5105845563379053], [0.33581182930281034, 0.5021368400832482], [0.3373470939741143, 0.46481480235632494], [0.3364493587927416, 0.46570155475326874], [0.3319932164232618, 0.43565492814289275], [0.3251625859866268, 0.44285466323861367], [0.3175372858510525, 0.41754909378835553], [0.30954561387268376, 0.42753568309351525], [0.30309640469697013, 0.46489303546121324], [0.3022718142627098, 0.4609663876238689], [0.29526858634050834, 0.49094082593492566], [0.3169928768171033, 0.514607509358581], [0.36332512474522904, 0.5333848304447385], [0.3993049841790759, 0.5185894434979779], [0.42735683357438486, 0.537057755813899], [0.4488756109909921, 0.5216971447238203], [0.4652849699464837, 0.5395452085459763], [0.47767768298178703, 0.583592723677958], [0.4863545622463895, 0.6489064532299311], [0.5220312100409588, 0.7017206224350896], [0.5496600810741544, 0.7147885773428994], [0.5711143047535618, 0.6959661001383012], [0.5848213702673689, 0.6528479722223227], [0.5890337351098175, 0.589102200782923], [0.6163484371948952, 0.5348374528486458], [0.6368470379817267, 0.5196187652226207], [0.6832459186111919, 0.5074438151218006], [0.720365023114764, 0.5277038550411445], [0.7500603067176218, 0.5739118869766197], [0.773816533599908, 0.5808783125249998], [0.7938000409404974, 0.5557653473274647], [0.8097868468129689, 0.5656749751694368], [0.822576291510946, 0.5436026774430144], [0.8328078472693278, 0.5559448392618764], [0.8409930918760332, 0.5358185687169661], [0.8475412875613976, 0.5497175522810378], [0.852779844109689, 0.5308367391322952], [0.8569706893483222, 0.5457320886133011], [0.8603233655392287, 0.5276483681981059], [0.863005506491954, 0.5431813918659497], [0.8651512192541342, 0.5256078108002248], [0.8668677894638783, 0.5415489459476448], [0.8682410456316736, 0.5243018540655808], [0.8693396505659099, 0.5405041805599297], [0.8702185345132989, 0.5234660417554087], [0.8709216416712101, 0.5398355307117919], [0.8714841273975391, 0.5829311218768986], [0.8719341159786023, 0.5874075948089839], [0.8422941068434528, 0.590988773154652], [0.8185820995353332, 0.5638537158311866], [0.7996124936888376, 0.5721456699724142], [0.784436809011641, 0.5487792332853964], [0.7736414966488968, 0.5609880018467963], [0.7676200002421396, 0.6036784112084748], [0.7586244741733245, 0.6079856072402791], [0.7514135512469696, 0.5827583959458595], [0.7462880687655626, 0.5931603195188908], [0.7431933723374876, 0.5709089636831584], [0.743305959376216, 0.5222093605053776], [0.7451165675741742, 0.5120384517184777], [0.7765650541325407, 0.5039017246889578], [0.801723843379234, 0.5273923430653419], [0.8218508747765886, 0.5761848377664491], [0.8370818604160466, 0.5848516529893555], [0.8471624678054159, 0.5618015254620328], [0.8531512136195281, 0.5744976944908111], [0.8552909437046085, 0.5536983348615203], [0.8543741059457565, 0.5680441107976877], [0.8514560753235818, 0.5484675578522249], [0.8469859879485279, 0.5631655412302371], [0.8403167545930353, 0.545145148676803], [0.8342132714279644, 0.5623369572819908], [0.828039259834335, 0.5482320361459143], [0.8213567770715917, 0.5692324087352454], [0.8139391593103449, 0.5539080117506907], [0.8051218505354071, 0.5703849332460332], [0.7952740324089003, 0.5530585349755625], [0.7851696444693717, 0.5090140155315109], [0.7756322948858078, 0.5037166101236799], [0.7980024152189567, 0.499478685797415], [0.8158985114854758, 0.5260883463364031], [0.830215388498691, 0.5173760747675936], [0.8406473312491695, 0.5400549123121676], [0.8482444861815963, 0.527604526839808], [0.8522514994303826, 0.5472514406322571], [0.8541319249455729, 0.5319609939574926], [0.8533677699393993, 0.5495259200430738], [0.8493618154763128, 0.5325478628975252], [0.8455878312766302, 0.5514219150738201], [0.8420691927697522, 0.5398865987251584], [0.8391498747592986, 0.5644976980015035], [0.836953024773298, 0.5510333291843644], [0.8359538358800018, 0.5662055533759894], [0.8375346496626572, 0.6044708296531858], [0.8417763576083348, 0.6617896047582706], [0.8477419684986492, 0.6747109294904023], [0.8544685059012455, 0.6573270894011122], [0.8628252146547726, 0.6135636453915791], [0.8716996340528684, 0.6080493940038126], [0.880123176503586, 0.5729982414390824], [0.8872017113664737, 0.5750140727050522], [0.892864539256784, 0.5466267377178281], [0.8973948015690322, 0.5539168697280488], [0.9010190114188307, 0.5297489753362253], [0.9039183792986695, 0.5404146598227666], [0.8762378736025406, 0.5489472074119995], [0.8540934690456374, 0.5257732454833859], [0.8375884612504932, 0.5375401698640525], [0.825142731295913, 0.5155732543051058], [0.8152949554656201, 0.5261166225237799], [0.8069838889602515, 0.563034056327733], [0.7998891508405105, 0.5617096032359369], [0.7921724468923568, 0.5898151759915162], [0.7850149098008852, 0.581622530584344], [0.7785044075687664, 0.6035663630446122], [0.7738597705038837, 0.5900063261396481], [0.7700201306930714, 0.6071242239213033], [0.767699272146271, 0.5900740838829006], [0.7650923427248791, 0.5442065696537999], [0.7631170973820569, 0.4769595473328339], [0.7618640882094737, 0.4549559388437137], [0.7609348999831745, 0.46970245864938953], [0.7599044138984923, 0.5141830734552838], [0.7582065623329336, 0.5827472992144817]]"
3,agent_3,37.624767087022725,1,37,1.3022429378580205,0.8401068017360904,0.6451229469655874,0,51,51,5,0.13513513513513514,33,1,0.8918918918918919,1.0,0.9992013999643106,0,19,70,0,1,32,0.8648648648648649,0,4,dqn,0,0,6,"[0.3451168615814171, -0.06147054860278067]","[[0.3451168615814171, -0.06147054860278067], [0.3451168615814171, -0.06147054860278067], [0.3451168615814171, -0.03147054860278067], [0.3451168615814171, 0.02252945139721934], [0.3451168615814171, 0.09572945139721936], [0.3451168615814171, 0.1842894513972194], [0.3451168615814171, 0.2842894513972194], [0.3451168615814171, 0.3842894513972194], [0.3451168615814171, 0.48428945139721935], [0.3451168615814171, 0.5342894513972194], [0.3451168615814171, 0.5442894513972194], [0.3451168615814171, 0.5222894513972194], [0.3451168615814171, 0.47468945139721935], [0.3451168615814171, 0.4666094513972193], [0.3451168615814171, 0.4301454513972193], [0.3452855347176485, 0.4307848549811567], [0.34629403571102035, 0.46026093029490783], [0.34846206320618006, 0.4521045038055866], [0.3518861931445688, 0.47334184081679037], [0.3578564509526905, 0.45658280563563663], [0.364238661007296, 0.4691069893662281], [0.370409916164027, 0.446835900617028], [0.3784683456222562, 0.45856899943897084], [0.3865961226154614, 0.435350346839388], [0.3939633099199146, 0.44690568776031053], [0.4304564521681084, 0.45521801632129455], [0.45931132537078534, 0.49167757142883556], [0.47957309913226565, 0.5509822142966493], [0.49361005017365667, 0.5707194198182609], [0.504000247631625, 0.5588895208864646], [0.5128077804917982, 0.5225143481908758], [0.5178742740462837, 0.5293191786317999], [0.5467081975234405, 0.5340861046830565], [0.5675569999145723, 0.5656553874471605], [0.582511320559361, 0.5643167388388188], [0.5958180466153058, 0.5989453716772255], [0.607395674014816, 0.6609731240450766]]"
3,agent_4,47.78786986516783,1,9,0.25088640000000006,0.36153439418124356,1.4410282669018466,0,0,0,2,0.2222222222222222,6,1,0.6666666666666666,1.0,0.9992013999643106,0,0,0,0,1,5,0.5555555555555556,0,4,dqn,0,0,6,"[0.6805265471939341, 0.33899043944542306]","[[0.6805265471939341, 0.33899043944542306], [0.6805265471939341, 0.33899043944542306], [0.6805265471939341, 0.33899043944542306], [0.6805265471939341, 0.3689904394454231], [0.6805265471939341, 0.4229904394454231], [0.6805265471939341, 0.49619043944542307], [0.6805265471939341, 0.5247504394454231], [0.6805265471939341, 0.5775984394454231], [0.6805265471939341, 0.5898768394454231]]"
3,agent_5,31.855999789668406,1,38,1.7742762143370179,1.5779860557461856,0.8893688834891027,0,48,48,1,0.02631578947368421,35,1,0.9210526315789473,1.0,0.9992013999643106,0,18,66,0,1,34,0.8947368421052632,0,4,dqn,0,0,6,"[-0.5256582412686406, -0.2938822202553313]","[[-0.5256582412686406, -0.2938822202553313], [-0.5256582412686406, -0.2938822202553313], [-0.49565824126864055, -0.2938822202553313], [-0.44165824126864056, -0.2938822202553313], [-0.39845824126864055, -0.26388222025533126], [-0.36389824126864057, -0.23988222025533124], [-0.33625024126864056, -0.19068222025533121], [-0.28413184126864055, -0.1513222202553312], [-0.24243712126864053, -0.08983422025533119], [-0.20908134526864053, -0.010643820255331171], [-0.18239672446864053, 0.08270849974466886], [-0.13104902782864053, 0.1573903557446689], [-0.05997087051664052, 0.21713584054466892], [0.026891655332959508, 0.26493222838466896], [0.09638167601263953, 0.333169338656669], [0.1806933307440792, 0.38694242557239766], [0.24814265452923095, 0.4599608951049806], [0.30210211355735234, 0.488375670731047], [0.3443285594064856, 0.5406718146446161], [0.37271367442126574, 0.5540932285175895], [0.39664969053701843, 0.5394628124636512], [0.4168589632349898, 0.49930453277569153], [0.43364291028490426, 0.4983839677319519], [0.44865475103926505, 0.4690156109700756], [0.46196005371913096, 0.47645602008682064], [0.4738963353283017, 0.4531092466906045], [0.4846312057968449, 0.4649471779335637], [0.49604122697234065, 0.5042805241461502], [0.5073417118805305, 0.5034537098888587], [0.5174039883251411, 0.5304785394594764], [0.5284629310177267, 0.5199690158809154], [0.5403700204267011, 0.5424007488501377], [0.5527521197926478, 0.5270351895698153], [0.5644968603312914, 0.5474548921881572], [0.5780637581132586, 0.5294002330367363], [0.5896336289756181, 0.5408061977231146], [0.6010206584094061, 0.5759255511779784], [0.6124160129384302, 0.6312260090024728]]"
4,agent_0,38.58283281888769,1,36,1.4992874594615109,0.8347944924678515,0.5567941539160737,0,24,24,1,0.027777777777777776,33,1,0.9166666666666666,1.0,0.998414561945568,0,14,38,0,1,32,0.8888888888888888,0,4,dqn,0,0,6,"[-0.11491404477751277, 0.8810992663679553]","[[-0.11491404477751277, 0.8810992663679553], [-0.11491404477751277, 0.8810992663679553], [-0.08491404477751277, 0.8810992663679553], [-0.06091404477751276, 0.8510992663679553], [-0.041714044777512754, 0.7970992663679553], [-0.02635404477751275, 0.7538992663679552], [-0.014066044777512741, 0.7193392663679552], [-0.004235644777512735, 0.6916912663679552], [0.0036286752224872713, 0.6695728663679552], [0.009920131222487277, 0.6518781463679552], [0.01495329602248728, 0.6377223703679552], [0.04897982786248729, 0.6263977495679552], [0.07620105333448729, 0.5873380529279553], [0.0979780337120873, 0.5260902956159552], [0.1153996180141673, 0.44709208976635517], [0.1293368854558313, 0.41389352508667515], [0.1404866994091625, 0.4173346733429312], [0.147035627179582, 0.45285675558870914], [0.15175241351385177, 0.5109484407482541], [0.18552584258126759, 0.5574217888758901], [0.21254458583520025, 0.6246004673779989], [0.2341595804383464, 0.6483434101796859], [0.2514515761208633, 0.6373377644210355], [0.2652851726668768, 0.5985332478141152], [0.3063520499036876, 0.5674896345285789], [0.33920555169313626, 0.5126547439001499], [0.36469897637569604, 0.49938742230735883], [0.3837653972844178, 0.5195829227724913], [0.3973096000053491, 0.5665530874110972], [0.43627879539308345, 0.6048238740820451], [0.4656634115915469, 0.6659781549448212], [0.485960829268067, 0.7439114339940502], [0.529683297806365, 0.805872856369324], [0.5629079518567358, 0.8252642096809956], [0.5874288523306798, 0.8116997254559182], [0.6055469645891064, 0.7725162228488404]]"
4,agent_1,42.311551637810354,1,32,1.4026846256070786,0.8305170797727784,0.5920910977500253,0,18,18,3,0.09375,11,1,0.34375,1.0,0.998414561945568,0,14,32,0,1,10,0.3125,0,4,dqn,0,0,6,"[0.8971737266415123, -0.1067720504061862]","[[0.8971737266415123, -0.1067720504061862], [0.8971737266415123, -0.1067720504061862], [0.8971737266415123, -0.0767720504061862], [0.8971737266415123, -0.022772050406186198], [0.8971737266415123, 0.05042794959381382], [0.8971737266415123, 0.13898794959381383], [0.8971737266415123, 0.23898794959381384], [0.8971737266415123, 0.33898794959381384], [0.8971737266415123, 0.41898794959381386], [0.8971737266415123, 0.48298794959381386], [0.8671737266415123, 0.5341879495938139], [0.8131737266415122, 0.5751479495938139], [0.7699737266415122, 0.5779159495938139], [0.7354137266415122, 0.5501303495938139], [0.7077657266415122, 0.5579018695938139], [0.6856473266415122, 0.5341190855938139], [0.6679526066415121, 0.5450928583938139], [0.6537968306415122, 0.5838718766338139], [0.6424722098415122, 0.584895091225814], [0.6334125132015122, 0.615713662899414], [0.6261647558895121, 0.610368520238294], [0.6203665500399121, 0.636092406109398], [0.6157279853602321, 0.6266715148062811], [0.6125128513888974, 0.5885975069477342], [0.6108555184326022, 0.5266942086329319], [0.6102974862087331, 0.505006362593427], [0.6101537948733419, 0.455199268533958], [0.6087378397111153, 0.44984506603406266], [0.6060480511734123, 0.47177878927150985], [0.6023496234332921, 0.5160011276172717], [0.5980036413824815, 0.5788454748060323], [0.5934058818391115, 0.657569148315521]]"
4,agent_2,44.09815481561711,1,32,1.1511892205437242,0.5759269801326903,0.5002887187048809,0,40,40,6,0.1875,30,1,0.9375,1.0,0.998414561945568,0,30,70,0,1,29,0.90625,0,4,dqn,0,0,6,"[0.13711953004250343, 0.5781088067775686]","[[0.13711953004250343, 0.5781088067775686], [0.13711953004250343, 0.5781088067775686], [0.13711953004250343, 0.5781088067775686], [0.13711953004250343, 0.5781088067775686], [0.13711953004250343, 0.5781088067775686], [0.13711953004250343, 0.5781088067775686], [0.16711953004250343, 0.5781088067775686], [0.19111953004250343, 0.5481088067775686], [0.21031953004250342, 0.4941088067775686], [0.22567953004250343, 0.4209088067775686], [0.23818782503839503, 0.3925527354257688], [0.250699326005852, 0.3993807880095978], [0.2623521654806207, 0.4329034193468701], [0.2735281050349965, 0.48730247095393364], [0.3164372517774368, 0.530885071924569], [0.3533134930582059, 0.5981515179358574], [0.38447995858767836, 0.6239626233318922], [0.4103536473415679, 0.615809602206687], [0.43129608595356456, 0.6396042094684713], [0.44920920540962633, 0.6291479175702157], [0.46368975113401695, 0.6515846081265702], [0.473929603057828, 0.63954959576268], [0.48174791403544476, 0.5997550340956725], [0.4887906149865672, 0.5383435452237396], [0.4955566534548974, 0.45993682268904806], [0.5023225431914583, 0.428286791260811], [0.5102623489749264, 0.4320721927485802], [0.5178212585657118, 0.4618189933069216], [0.5231388781168838, 0.5127780995548791], [0.5267974564617478, 0.5815916248158832], [0.5601235361336997, 0.6355320365393653], [0.5885268941678674, 0.7076493798975644]]"
4,agent_3,33.62180905427663,1,30,1.9101640998261409,1.673592116058646,0.8761509632659167,0,24,24,1,0.03333333333333333,28,1,0.9333333333333333,1.0,0.998414561945568,0,14,38,0,1,27,0.9,0,4,dqn,0,0,6,"[-0.3962204060771646, -0.5645993010569288]","[[-0.3962204060771646, -0.5645993010569288], [-0.3962204060771646, -0.5645993010569288], [-0.36622040607716455, -0.5645993010569288], [-0.34222040607716453, -0.5345993010569288], [-0.32302040607716453, -0.4805993010569288], [-0.30766040607716455, -0.4073993010569288], [-0.26537240607716456, -0.3488393010569288], [-0.23154200607716455, -0.27199130105692876], [-0.20447768607716454, -0.18051290105692874], [-0.15282623007716453, -0.10733018105692872], [-0.11150506527716453, -0.01878400505692869], [-0.04844813343716452, 0.052052935743071335], [0.0018558435340256113, 0.13847926217710402], [0.03946717457219791, 0.2311366298147453], [0.09955623940273575, 0.30526252392485836], [0.1469557119389521, 0.39331529221347306], [0.21487528996792518, 0.46375750684436484], [0.27101760781700085, 0.54651039287581], [0.3164538179783272, 0.5830386823380437], [0.35197621549903174, 0.5818031126194495], [0.37963223261500084, 0.6095396204997481], [0.4016353602491612, 0.6006380101961865], [0.42009302534453963, 0.5604012076769707], [0.4375649086772013, 0.497631801952499], [0.45183065752201723, 0.4754155154531737], [0.49194156817541695, 0.45650845679645286], [0.5218315003326875, 0.4721024065169793], [0.5447281973094796, 0.5178176202642867], [0.5631585473946648, 0.5872932923916317], [0.5781527583106492, 0.6750285062791683]]"
4,agent_4,42.962471756412484,1,30,1.316108981279114,0.9022551664054218,0.6855474578773321,0,14,14,3,0.1,19,1,0.6333333333333333,1.0,0.998414561945568,0,17,31,0,1,18,0.6,0,4,dqn,0,0,6,"[0.4859944654758164, -0.1765078530728028]","[[0.4859944654758164, -0.1765078530728028], [0.4859944654758164, -0.1765078530728028], [0.4859944654758164, -0.1465078530728028], [0.4859944654758164, -0.0925078530728028], [0.4859944654758164, -0.01930785307280279], [0.4859944654758164, 0.06925214692719724], [0.4859944654758164, 0.16925214692719726], [0.4859944654758164, 0.26925214692719723], [0.4859944654758164, 0.3692521469271972], [0.4859944654758164, 0.4192521469271972], [0.4859944654758164, 0.4892521469271972], [0.4859944654758164, 0.5152521469271972], [0.4859944654758164, 0.5060521469271972], [0.4859944654758164, 0.5286921469271972], [0.4859944654758164, 0.5168041469271972], [0.4859944654758164, 0.5372937469271972], [0.4859944654758164, 0.5236854269271972], [0.4859944654758164, 0.5427987709271972], [0.4859944654758164, 0.5880894461271972], [0.5159944654758164, 0.6243219862871972], [0.5408994192268362, 0.6824557357931934], [0.562471116201787, 0.6988436694405623], [0.5805106379346883, 0.6822667529627989], [0.5944465375485999, 0.6395425145966417], [0.6046804830189567, 0.5768072159316806], [0.612099805254075, 0.4987841843873748], [0.6177325285984657, 0.4688225763797953], [0.6235397093678918, 0.47036181722605175], [0.6304392656459848, 0.5052745280001374], [0.6384870533751202, 0.566027300274256]]"
4,agent_5,42.1237877805423,1,34,1.38250850013016,1.01383115644889,0.7333272499615301,0,45,45,2,0.058823529411764705,30,1,0.8823529411764706,1.0,0.998414561945568,0,20,65,1,1,29,0.8529411764705882,1,4,dqn,0,0,6,"[-0.27728776131676725, 0.4302552217985398]","[[-0.27728776131676725, 0.4302552217985398], [-0.27728776131676725, 0.4302552217985398], [-0.24728776131676725, 0.4302552217985398], [-0.19328776131676723, 0.4302552217985398], [-0.12008776131676721, 0.4302552217985398], [-0.03152776131676718, 0.4302552217985398], [0.03932023868323284, 0.4302552217985398], [0.09599863868323286, 0.4302552217985398], [0.1413413586832329, 0.4302552217985398], [0.1776155346832329, 0.4302552217985398], [0.20641458048734132, 0.43005129315033963], [0.2269489521598844, 0.4303752405665106], [0.24173281079711573, 0.43257420922923834], [0.2517062297323399, 0.4667524376221748], [0.28571656978157967, 0.49403166065153936], [0.3103759179341546, 0.5434546738402509], [0.32843792395135735, 0.5509951358042161], [0.341947012434808, 0.5858294108174213], [0.3525107956126835, 0.6433798066660371], [0.360629224196876, 0.6593703023409938], [0.36683086405426363, 0.6434882937728299], [0.371610712680355, 0.6019769342925012], [0.37417083500166953, 0.6017371761561586], [0.3727251294333332, 0.5717011728945105], [0.37014844509254524, 0.5189506636420852], [0.39803572708047125, 0.47680893909788935], [0.420806631791041, 0.47266994527631845], [0.44015985818183634, 0.4985908591406843], [0.4572711016635933, 0.5485502557004496], [0.4721903038895436, 0.6181242381292459], [0.5148159572237522, 0.6738434155786623], [0.5503842586278388, 0.7504438911521744], [0.5797658377858311, 0.7834339195917016], [0.6021348988964772, 0.7816733617033612]]"
5,agent_0,4.098779098889976,1,63,2.874814860643857,1.8848775100982909,0.6556517902777729,0,49,49,2,0.031746031746031744,55,1,0.873015873015873,1.0,0.9986715465129539,0,42,91,0,1,54,0.8571428571428571,0,4,dqn,0,0,6,"[-0.941393755526075, -0.22660119112503896]","[[-0.941393755526075, -0.22660119112503896], [-0.941393755526075, -0.22660119112503896], [-0.9113937555260749, -0.22660119112503896], [-0.8573937555260749, -0.22660119112503896], [-0.7841937555260748, -0.22660119112503896], [-0.7256337555260748, -0.22660119112503896], [-0.6787857555260748, -0.22660119112503896], [-0.6413073555260748, -0.22660119112503896], [-0.6113246355260747, -0.22660119112503896], [-0.5873384595260748, -0.22660119112503896], [-0.5681495187260748, -0.22660119112503896], [-0.5527983660860748, -0.22660119112503896], [-0.5405174439740748, -0.22660119112503896], [-0.5306927062844747, -0.22660119112503896], [-0.49283291613279473, -0.22660119112503896], [-0.4625450840114507, -0.22660119112503896], [-0.4383148183143755, -0.22660119112503896], [-0.41893060575671537, -0.22660119112503896], [-0.40342323571058725, -0.22660119112503896], [-0.3610173396736847, -0.22660119112503896], [-0.3270926228441627, -0.19660119112503896], [-0.29995284938054506, -0.14260119112503894], [-0.278241030609651, -0.06940119112503892], [-0.2608715755929357, 0.019158808874961103], [-0.2169760115795635, 0.09000680887496113], [-0.18185956036886572, 0.17668520887496114], [-0.15464767454670145, 0.27291157360938045], [-0.10287816588897003, 0.3498926653969159], [-0.06167430039079777, 0.44100930201179833], [-0.031165469146863505, 0.5362417083456149], [0.02324159584828391, 0.6124276334126681], [0.06676724784440184, 0.6433763734663107], [0.10039499728431339, 0.6376088126266737], [0.12317100255381153, 0.6030098795733523], [0.13717816032383967, 0.6071538087470711], [0.14303558565047436, 0.5841516505342332], [0.1418414395501245, 0.5988418960691138], [0.13558824017547352, 0.5794558181929449], [0.1256214857770432, 0.5339909385785913], [0.11546789727449544, 0.5273160189692244], [0.13734502647245722, 0.521976083281731], [0.15484672983082665, 0.4877041347317361], [0.16859938981212713, 0.49032104913052266], [0.20864740257542355, 0.49234471724256373], [0.24064571268678475, 0.4639684669487088], [0.2662443607758737, 0.47126746671362485], [0.31584118883003465, 0.4776092918906736], [0.35384289127215696, 0.5134825287850372], [0.3818934840890166, 0.5730336379248958], [0.4011122589592569, 0.6509876659943801], [0.4430328007288943, 0.7132002701433743], [0.47332339018670866, 0.7933682548020698], [0.4923531770580081, 0.8263437730829524], [0.5040258591460052, 0.8260556533018151], [0.5126836134173407, 0.7977334674147479], [0.5195920744351958, 0.7452562853666536], [0.52511884324948, 0.6732745397281781], [0.5295402583009073, 0.5856891432173976], [0.5323661202557333, 0.5455186940964972], [0.5642095658150877, 0.5140128836888538], [0.5896671610372423, 0.5188285117997602], [0.6090300766452017, 0.5537305632304172], [0.6225695471445353, 0.6133256711990202]]"
5,agent_1,9.855122814452624,1,54,2.321769709493789,1.8194255861435997,0.7836374032721297,0,47,47,2,0.037037037037037035,50,1,0.9259259259259259,1.0,0.9986715465129539,0,30,77,0,1,49,0.9074074074074074,0,4,dqn,0,0,6,"[-0.9566433244518824, -0.052224939139215554]","[[-0.9566433244518824, -0.052224939139215554], [-0.9566433244518824, -0.052224939139215554], [-0.9266433244518824, -0.052224939139215554], [-0.8726433244518823, -0.052224939139215554], [-0.7994433244518823, -0.052224939139215554], [-0.7408833244518822, -0.052224939139215554], [-0.6940353244518822, -0.052224939139215554], [-0.6565569244518822, -0.052224939139215554], [-0.6265742044518822, -0.052224939139215554], [-0.6025880284518822, -0.052224939139215554], [-0.5533990876518822, -0.052224939139215554], [-0.5140479350118822, -0.052224939139215554], [-0.48256701289988213, -0.052224939139215554], [-0.45738227521028213, -0.052224939139215554], [-0.43723448505860213, -0.052224939139215554], [-0.42111625293725813, -0.052224939139215554], [-0.40822166724018294, -0.052224939139215554], [-0.39790599868252274, -0.052224939139215554], [-0.3896534638363946, -0.052224939139215554], [-0.35305143595949207, -0.052224939139215554], [-0.3237698136579701, -0.022224939139215548], [-0.3003445158167525, 0.03177506086078446], [-0.2516042775437784, 0.07497506086078447], [-0.21261208692539912, 0.1395350608607845], [-0.1514183344306957, 0.19118306086078452], [-0.10246333243493294, 0.2625014608607845], [-0.06329933083832273, 0.34955618086078455], [-0.03330396266715326, 0.44495155752168986], [0.020692331869782317, 0.521267858850414], [0.06355497134266294, 0.6116160416623436], [0.09619108073364571, 0.6533430458779234], [0.118978869569777, 0.6568659730982723], [0.1355333442901146, 0.6331125669967929], [0.15043755266105452, 0.5880435182471367], [0.1654145706479052, 0.5841415355082398], [0.17971017286379143, 0.6137923607533075], [0.19397625695817233, 0.6012455382686717], [0.20770228244473782, 0.6260981112852112], [0.22381460055696592, 0.6198732700225743], [0.2374947619523352, 0.5877564870810398], [0.2493113497785291, 0.5351914644161387], [0.26035612581635176, 0.5262993702081284], [0.27111272229838673, 0.49200508599107207], [0.311501600321603, 0.4669151316166311], [0.3450400606311714, 0.48095917414737355], [0.37347358580277396, 0.5248248713497677], [0.39710593614127093, 0.5313394147774727], [0.41614077927533166, 0.5667569828256374], [0.4318790444356509, 0.6260397404260202], [0.4755341223743249, 0.6754399614693704], [0.5115196956840355, 0.7475436144993349], [0.542305178116897, 0.7784341218401419], [0.5700560726193363, 0.7770708817948806], [0.5948234642006202, 0.7499177027329592]]"
5,agent_2,44.4667484846796,1,26,0.7582182430025345,0.586952443338343,0.7741207083253745,0,11,11,5,0.19230769230769232,25,1,0.9615384615384616,1.0,0.9986715465129539,0,6,17,3,1,24,0.9230769230769231,3,4,dqn,0,0,6,"[0.6361295490902559, 0.11653300329715588]","[[0.6361295490902559, 0.11653300329715588], [0.6361295490902559, 0.11653300329715588], [0.6361295490902559, 0.14653300329715588], [0.6361295490902559, 0.2005330032971559], [0.6361295490902559, 0.2737330032971559], [0.6361295490902559, 0.3622930032971559], [0.6361295490902559, 0.43314100329715594], [0.6361295490902559, 0.4598194032971559], [0.6361295490902559, 0.45116212329715594], [0.6361295490902559, 0.47423629929715594], [0.6361295490902559, 0.46269564009715597], [0.6361295490902559, 0.483463112737156], [0.6361295490902559, 0.470077090849156], [0.6361295490902559, 0.489368273338756], [0.6361295490902559, 0.474801219330436], [0.6357730547695328, 0.49319347324481067], [0.6349673434670534, 0.47775892617541205], [0.6334111805677679, 0.4354853327505866], [0.6314204291462224, 0.43139430850582866], [0.6297215417632771, 0.39804465407492867], [0.6275289227330894, 0.4011556899514064], [0.625612373457907, 0.4335434361134086], [0.6240791340377612, 0.42945363304301043], [0.6225764923878319, 0.45606777911292123], [0.6213743790678884, 0.5073590959688499], [0.6201690416885506, 0.5783206240413545]]"
5,agent_3,39.564013311323,1,54,1.8894657887751167,0.42839528400001825,0.22672825649716258,0,14,14,10,0.18518518518518517,36,1,0.6666666666666666,1.0,0.9986715465129539,0,23,37,5,1,35,0.6481481481481481,5,4,dqn,0,0,6,"[0.36895062092048625, 0.971898561902274]","[[0.36895062092048625, 0.971898561902274], [0.36895062092048625, 0.971898561902274], [0.36895062092048625, 0.941898561902274], [0.36895062092048625, 0.8878985619022739], [0.36895062092048625, 0.8146985619022739], [0.36895062092048625, 0.7261385619022738], [0.36895062092048625, 0.6261385619022738], [0.36895062092048625, 0.5261385619022738], [0.36895062092048625, 0.4461385619022738], [0.36895062092048625, 0.41213856190227377], [0.36895062092048625, 0.41493856190227374], [0.36895062092048625, 0.41717856190227376], [0.36895062092048625, 0.4189705619022738], [0.36895062092048625, 0.42040416190227375], [0.36895062092048625, 0.42155104190227377], [0.36895062092048625, 0.4224685459022738], [0.36895062092048625, 0.4232025491022738], [0.36895062092048625, 0.4237897516622738], [0.36895062092048625, 0.3942595137102738], [0.36895062092048625, 0.34063532334867375], [0.36895062092048625, 0.3277359710593937], [0.36895062092048625, 0.34741648922796975], [0.36895062092048625, 0.33316090376283053], [0.36895062092048625, 0.35175643539071916], [0.36895062092048625, 0.39663286069303005], [0.36895062092048625, 0.4625340009348788], [0.36895062092048625, 0.5452549131283578], [0.3989506209204863, 0.611431642883141], [0.4229506209204863, 0.6943730266869675], [0.4421506209204863, 0.7307261337300288], [0.4575106209204863, 0.7298086193644778], [0.4697986209204863, 0.699074607872037], [0.4796290209204863, 0.7044873986780844], [0.4874933409204863, 0.6788176313229223], [0.4937847969204863, 0.6882818174387926], [0.4988179617204863, 0.6658531663314888], [0.5028444935604863, 0.6779102454456458], [0.5060657190324863, 0.6575559087369715], [0.5086426994100863, 0.6712724393700319], [0.5107042837121664, 0.6522456638764803], [0.5123535511538304, 0.667024243481639], [0.5136729651071616, 0.648847107165766], [0.5147284962698266, 0.6043053981130675], [0.5155729211999586, 0.5386720308709088], [0.5162484611440642, 0.5161653370771817], [0.5167888930993486, 0.4681599820422001], [0.5172212386635762, 0.45975569801421484], [0.5175671151149582, 0.48303227079182665], [0.5178438162760639, 0.531653529013916], [0.5180651772049484, 0.6005505355915876], [0.5184679101655284, 0.6856024433197188], [0.5502734227784806, 0.7524624924074208], [0.57847567760005, 0.7723876324924126], [0.6047010017590929, 0.7542548208283306]]"
5,agent_4,43.19652396253075,1,26,0.8126555172582028,0.7287740539514846,0.8967810326450207,0,11,11,3,0.11538461538461539,16,1,0.6153846153846154,1.0,0.9986715465129539,0,6,17,1,1,15,0.5769230769230769,1,4,dqn,0,0,6,"[0.8467237722387899, -0.013851354536013494]","[[0.8467237722387899, -0.013851354536013494], [0.8467237722387899, -0.013851354536013494], [0.8467237722387899, 0.016148645463986512], [0.8467237722387899, 0.07014864546398653], [0.8467237722387899, 0.14334864546398654], [0.8467237722387899, 0.23190864546398657], [0.8467237722387899, 0.3027566454639866], [0.8167237722387899, 0.35943504546398664], [0.7927237722387899, 0.40477776546398664], [0.7735237722387899, 0.44105194146398663], [0.7581637722387898, 0.47007128226398665], [0.7458757722387899, 0.46328675490398663], [0.7360453722387899, 0.48785913301598666], [0.7281810522387898, 0.47751703550558666], [0.7218895962387898, 0.49924335749726667], [0.7172129257595128, 0.48657851796958], [0.7139921052219922, 0.5065949965483291], [0.7123270426492777, 0.4925341351806348], [0.7117408136932232, 0.451557595591377], [0.7113781167740885, 0.44885319895506437], [0.7119214683626122, 0.4768989222248166], [0.7125186036844633, 0.46943658337979827], [0.7129963119419441, 0.4934667123037836], [0.7136545286617415, 0.48280482691674254], [0.7141811020375795, 0.5042753186071097], [0.7148460074616328, 0.5515232373716417]]"
5,agent_5,12.5731419937992,1,63,2.4900963334576423,1.47988921851969,0.5943100267389168,0,60,60,5,0.07936507936507936,53,1,0.8412698412698413,1.0,0.9986715465129539,0,24,84,1,1,52,0.8253968253968254,1,4,dqn,0,0,6,"[-0.42916462417459655, -0.25658734603979627]","[[-0.42916462417459655, -0.25658734603979627], [-0.42916462417459655, -0.25658734603979627], [-0.3991646241745965, -0.25658734603979627], [-0.3751646241745965, -0.25658734603979627], [-0.3559646241745965, -0.25658734603979627], [-0.3406046241745965, -0.25658734603979627], [-0.3283166241745965, -0.25658734603979627], [-0.28848622417459646, -0.25658734603979627], [-0.25662190417459646, -0.25658734603979627], [-0.23113044817459644, -0.25658734603979627], [-0.21073728337459643, -0.25658734603979627], [-0.19442275153459643, -0.25658734603979627], [-0.18137112606259642, -0.25658734603979627], [-0.17092982568499643, -0.25658734603979627], [-0.16257678538291642, -0.25658734603979627], [-0.1558943531412524, -0.25658734603979627], [-0.15054840734792121, -0.25658734603979627], [-0.14627165071325626, -0.25658734603979627], [-0.1428502454055243, -0.22658734603979627], [-0.14011312115933872, -0.17258734603979625], [-0.13792342176239025, -0.09938734603979624], [-0.1361716622448315, -0.01082734603979621], [-0.10477025463078446, 0.06002065396020381], [-0.07964912853954684, 0.14669905396020383], [-0.029552227666556734, 0.21604177396020385], [0.010525293031835352, 0.30151594996020387], [0.04151145099338958, 0.3965941178789307], [0.0642701109301298, 0.4939699023321705], [0.08247703887952197, 0.5418705298947624], [0.09704258123903571, 0.6101910319448358], [0.11034901731396843, 0.6353989756188586], [0.12431526485056954, 0.6254240067101916], [0.13835679138540066, 0.5845423323435677], [0.15205557830102684, 0.577888201100353], [0.16417460298899939, 0.5985885642285774], [0.17690413580235956, 0.5786937448467846], [0.19013824609303343, 0.5959533999168894], [0.2037102586088828, 0.5760093672727984], [0.21440056579729613, 0.5861170581468126], [0.2243426896262435, 0.561643136695333], [0.23142392997950298, 0.5089355958458227], [0.23549741648524297, 0.4936096392423039], [0.2670841327434532, 0.47849500957135466], [0.2915240201341771, 0.43412769624237924], [0.3098886722550368, 0.4245130243323915], [0.32297763702777665, 0.44419082362660106], [0.36344536906186387, 0.4580084520310632], [0.39736635182707697, 0.4980568446959076], [0.426343516523015, 0.5582943360415643], [0.4516824818525942, 0.6341971733974485], [0.4741209770665685, 0.7225522829274705], [0.49183726716606246, 0.7608123613899557], [0.5053326306532518, 0.7622178387090944], [0.5134498725709261, 0.7301462657280365], [0.5173542485000384, 0.6722388942780367], [0.5194339557879055, 0.595468742627104], [0.5510702122128304, 0.5340444488581532], [0.5763792173527702, 0.5149050138429925], [0.5966264214647221, 0.4695934658308639], [0.61324142875879, 0.4627136785320842], [0.6265505958193732, 0.48718957225603926], [0.6682010900376041, 0.5057207382932714], [0.7034723473992228, 0.5488722042989798]]"
6,agent_0,24.618761398896275,1,48,2.1608713718641277,1.6944606209624378,0.7841561709897941,0,41,41,1,0.020833333333333332,42,1,0.875,1.0,0.9995770970767358,0,34,75,0,1,41,0.8541666666666666,0,4,dqn,0,0,6,"[-0.9936131714635656, 0.6464162203877608]","[[-0.9936131714635656, 0.6464162203877608], [-0.9936131714635656, 0.6464162203877608], [-0.9636131714635656, 0.6464162203877608], [-0.9096131714635656, 0.6464162203877608], [-0.8364131714635655, 0.6464162203877608], [-0.7478531714635654, 0.6464162203877608], [-0.6478531714635655, 0.6464162203877608], [-0.5478531714635655, 0.6464162203877608], [-0.4478531714635655, 0.6464162203877608], [-0.34785317146356554, 0.6464162203877608], [-0.24785317146356553, 0.6464162203877608], [-0.16785317146356551, 0.6464162203877608], [-0.1038531714635655, 0.6464162203877608], [-0.05265317146356548, 0.6464162203877608], [-0.011693171463565466, 0.6464162203877608], [0.021074828536434546, 0.6464162203877608], [0.04728922853643456, 0.6464162203877608], [0.06826074853643457, 0.6464162203877608], [0.08503796453643458, 0.6164162203877608], [0.0984597373364346, 0.5924162203877608], [0.1091971555764346, 0.5732162203877608], [0.11778709016843461, 0.5578562203877607], [0.12465903784203461, 0.5155682203877607], [0.1601565959809146, 0.4817378203877607], [0.18740377257042395, 0.48572976940484613], [0.20689952545985857, 0.5159484725364244], [0.22325758578014585, 0.567314791013855], [0.2399554416995104, 0.5780235857857065], [0.2556737295066207, 0.6178028237054363], [0.26938630929206847, 0.6203800517598441], [0.28040201877993864, 0.5924744950238757], [0.289648257289846, 0.6002035967071158], [0.2984522182292187, 0.5763873434778832], [0.30670774445518423, 0.5274551131777652], [0.314743094562106, 0.5190963599432534], [0.32267174299584855, 0.5436650903042664], [0.33040023916243993, 0.5347441201465366], [0.36762524999716306, 0.5289543687088796], [0.40173695148629174, 0.49516719093921063], [0.4316718869459455, 0.4979198080487271], [0.4568629031254123, 0.5299921443495778], [0.4760961212601103, 0.5859827648096574], [0.5203916895959423, 0.6319801705786001], [0.5554487875326152, 0.6998412094455245], [0.5839393530093215, 0.7857742748768097], [0.6062818252724669, 0.8257636935009509], [0.6254036124488438, 0.8282969190117645], [0.6449674660680103, 0.8007346977041538]]"
6,agent_1,27.10872385274905,1,48,2.1742633782812506,1.462340846371751,0.672568402236406,0,26,26,6,0.125,28,1,0.5833333333333334,1.0,0.9995770970767358,0,29,55,2,1,27,0.5625,2,4,dqn,0,0,6,"[-0.025666074390354954, -0.5695863497400016]","[[-0.025666074390354954, -0.5695863497400016], [-0.025666074390354954, -0.5695863497400016], [-0.025666074390354954, -0.5395863497400015], [-0.025666074390354954, -0.48558634974000153], [-0.025666074390354954, -0.41238634974000155], [-0.025666074390354954, -0.35382634974000154], [-0.025666074390354954, -0.30697834974000154], [-0.025666074390354954, -0.2694999497400015], [-0.025666074390354954, -0.2395172297400015], [-0.025666074390354954, -0.21553105374000148], [-0.025666074390354954, -0.16634211294000145], [-0.025666074390354954, -0.12699096030000143], [-0.025666074390354954, -0.0655100381880014], [0.004333925609645052, -0.016325300498401377], [0.02833392560964506, 0.053022489653278645], [0.07753392560964507, 0.10850072177462267], [0.1168939256096451, 0.1828833074716979], [0.1483819256096451, 0.2723893760293581], [0.20357232560964514, 0.34399423087548625], [0.27772464560964516, 0.4012781147523888], [0.3370465016096452, 0.4771052218539108], [0.3845039864096452, 0.5077669075351284], [0.4224699742496453, 0.5022962560801025], [0.4528427645216453, 0.4679197349160818], [0.4771409967392453, 0.4704185179848652], [0.49657958251332535, 0.502417544439892], [0.5121304511325894, 0.5580167656039133], [0.5245711460280006, 0.5724961425351305], [0.5320942853343243, 0.6128489571843551], [0.5360073044180284, 0.6130004460428037], [0.536724616746898, 0.6454915616343179], [0.5334613731428451, 0.6413785363275342], [0.5296254220268376, 0.6700661478956519], [0.524175262169831, 0.6643399094826747], [0.5193545768074731, 0.690361313989156], [0.5146946666095824, 0.6817443111111375], [0.5109667384512698, 0.6448507088087228], [0.5079843959246197, 0.5853358269667909], [0.5055985219032997, 0.5077239214932454], [0.5036898226862436, 0.475634397114409], [0.5021628633125987, 0.47996277761133993], [0.5021169381532328, 0.5130616882902875], [0.5031712041976665, 0.5683359074325666], [0.5043939737652061, 0.6414921684946197], [0.5349273022918698, 0.6983729430065163], [0.5591857472860366, 0.7724132392674379], [0.5800349559154975, 0.799360347197232], [0.5973841981112767, 0.7871251970603894]]"
6,agent_2,15.325515810874858,1,49,2.0743362816854987,1.5091849584203956,0.7275507697306002,0,67,67,8,0.16326530612244897,44,1,0.8979591836734694,1.0,0.9995770970767358,0,16,83,2,1,43,0.8775510204081632,2,4,dqn,0,0,6,"[-0.18180283949214404, -0.5247705870839499]","[[-0.18180283949214404, -0.5247705870839499], [-0.18180283949214404, -0.5247705870839499], [-0.18180283949214404, -0.5247705870839499], [-0.18180283949214404, -0.49477058708394983], [-0.18180283949214404, -0.4707705870839498], [-0.18180283949214404, -0.4515705870839498], [-0.18180283949214404, -0.43621058708394983], [-0.18180283949214404, -0.4239225870839498], [-0.18180283949214404, -0.4140921870839498], [-0.18180283949214404, -0.4062278670839498], [-0.18180283949214404, -0.3999364110839498], [-0.18180283949214404, -0.3949032462839498], [-0.18180283949214404, -0.3908767144439498], [-0.18180283949214404, -0.3876554889719498], [-0.18180283949214404, -0.3550785085943498], [-0.18180283949214404, -0.3290169242922698], [-0.18180283949214404, -0.3081676568506058], [-0.18180283949214404, -0.2614882428972746], [-0.18180283949214404, -0.19414471173460965], [-0.1506763787941884, -0.1397255640212266], [-0.12471111866897276, -0.06449044116958119], [-0.10222139334506346, 0.02745978108895676], [-0.052153946799212376, 0.10246745871777296], [-0.010211472270371481, 0.19324646967513875], [0.022039909716039217, 0.28790294520622234], [0.04662923306062221, 0.38483263713524657], [0.06528845762276267, 0.4830763816625172], [0.11086329273229735, 0.5628874066593741], [0.14777988041971307, 0.5981365985421065], [0.17628624144321361, 0.5981164411705818], [0.1990261743448547, 0.573951555054148], [0.21764897174464792, 0.5230691032913882], [0.23521383928451248, 0.5108646821263796], [0.25179837519985077, 0.46849762060257816], [0.26695923686654294, 0.46169283347785284], [0.28159805556668943, 0.4822898503618319], [0.29745837328980457, 0.5267134888778966], [0.314047194321768, 0.5306614502946327], [0.32713870484749263, 0.5029541141058077], [0.33751974815345037, 0.5093344811558238], [0.3474699186484132, 0.5434667449857532], [0.3588309775577749, 0.5966667963092385], [0.4048203985071208, 0.6376426482163537], [0.44797916333113885, 0.7025787557692312], [0.5171660986331955, 0.7567871186777393], [0.5745101121078373, 0.8321875530105309], [0.6203519024394, 0.8648398537658392], [0.6551927055128346, 0.8640819674575227], [0.6835146498580976, 0.8377573203534897]]"
6,agent_3,12.079899787171373,1,57,2.642087745537976,1.7254697772576089,0.6530705803286153,0,76,76,4,0.07017543859649122,46,1,0.8070175438596491,1.0,0.9995770970767358,0,27,103,0,1,45,0.7894736842105263,0,4,dqn,0,0,6,"[-0.6706609120453868, -0.3481100211429766]","[[-0.6706609120453868, -0.3481100211429766], [-0.6706609120453868, -0.3481100211429766], [-0.6406609120453868, -0.3481100211429766], [-0.5866609120453867, -0.3481100211429766], [-0.5434609120453867, -0.3481100211429766], [-0.5089009120453867, -0.3481100211429766], [-0.48125291204538667, -0.3481100211429766], [-0.4591345120453867, -0.3481100211429766], [-0.4414397920453867, -0.3481100211429766], [-0.4272840160453867, -0.3481100211429766], [-0.41595939524538666, -0.3481100211429766], [-0.40689969860538666, -0.3481100211429766], [-0.39965194129338666, -0.3481100211429766], [-0.36385373544378663, -0.3481100211429766], [-0.3352151707641066, -0.3481100211429766], [-0.3123043190203626, -0.3481100211429766], [-0.2939756376253674, -0.3181100211429766], [-0.24931269250937121, -0.2941100211429766], [-0.2135823364165743, -0.24491002114297655], [-0.18612451224029236, -0.17609434392622758], [-0.16522234446611797, -0.09274160683376736], [-0.15021812747051524, 0.0021784588629791962], [-0.11029042016075669, 0.07666701159839062], [-0.08037225317361922, 0.16519175276309908], [-0.028101061213047014, 0.2352733695506551], [0.012581329033738979, 0.32088499281912947], [0.043416089496408024, 0.4160123682018752], [0.09743644240672095, 0.49089823913303143], [0.14019600513518332, 0.5794065639927094], [0.1739164529410693, 0.6187587769937188], [0.19676003546956075, 0.6179811729458755], [0.21438792854361438, 0.5927063346094237], [0.22851424025803174, 0.5473360939134102], [0.23962157700020048, 0.4838574776131316], [0.24755549403377192, 0.46643651182929047], [0.251898805413057, 0.48515888375136457], [0.2529734565356193, 0.530467075030052], [0.28262182584429657, 0.5663251809293186], [0.3036317832661336, 0.5666970049949027], [0.31839038758972027, 0.5391401530884123], [0.3300421223180655, 0.5496224013958236], [0.34146386628118874, 0.5904917534504065], [0.380641009221087, 0.6251495213364298], [0.4115684536129389, 0.6824883244788448], [0.4658112912176551, 0.7276445167543996], [0.5085968681660993, 0.7930699580431138], [0.5410521576338462, 0.815307966171854], [0.5643756167536402, 0.8035260506976911], [0.5793558759863455, 0.7649125697709312], [0.5875453667733925, 0.7054600849285084], [0.5908392691511479, 0.6297283888553722], [0.5893504113578385, 0.5380154297109834], [0.5868920006954712, 0.4930130023805371], [0.5866573964025373, 0.4877896149719937], [0.6202195851413892, 0.48397518679167334], [0.6477581554225794, 0.5067139418750222], [0.6704850476518186, 0.5531047090724689]]"
6,agent_4,27.85733584115831,1,56,1.8985010019472974,1.0987901523334003,0.5787672227754256,0,49,49,9,0.16071428571428573,54,1,0.9642857142857143,1.0,0.9995770970767358,0,30,79,3,1,53,0.9464285714285714,3,4,dqn,0,0,6,"[0.1753154292851904, -0.2654252431538513]","[[0.1753154292851904, -0.2654252431538513], [0.1753154292851904, -0.2654252431538513], [0.1753154292851904, -0.2354252431538513], [0.1753154292851904, -0.18142524315385128], [0.1753154292851904, -0.10822524315385126], [0.1753154292851904, -0.019665243153851236], [0.1753154292851904, 0.08033475684614877], [0.1753154292851904, 0.16033475684614878], [0.1753154292851904, 0.2243347568461488], [0.1753154292851904, 0.2755347568461488], [0.1753154292851904, 0.3164947568461488], [0.1753154292851904, 0.3492627568461488], [0.1753154292851904, 0.37547715684614885], [0.1753154292851904, 0.3964486768461489], [0.1753154292851904, 0.41322589284614886], [0.1753154292851904, 0.42664766564614887], [0.1753154292851904, 0.4373850838861489], [0.1753154292851904, 0.4459750184781489], [0.1753154292851904, 0.4528469661517489], [0.1753154292851904, 0.4583445242906289], [0.1753154292851904, 0.46274257080173287], [0.1753154292851904, 0.4662610080106161], [0.1753154292851904, 0.46907575777772265], [0.1753154292851904, 0.5013275575914079], [0.17646629920678505, 0.5260727284252706], [0.17968898352623364, 0.518843721174451], [0.18150567297305292, 0.5458691594016272], [0.1793476168673736, 0.5378737699934611], [0.17526116891121152, 0.5602652563646797], [0.17236817250983827, 0.5470985655074744], [0.17420606136260441, 0.5629406866690697], [0.1754588233954653, 0.541764134494121], [0.17236343601510276, 0.4914712571116395], [0.16633583938226384, 0.48090213125764864], [0.1891415523755854, 0.4712090102181757], [0.20537944730281682, 0.4934987893050686], [0.21523492104287245, 0.4816302482712136], [0.24938787086936826, 0.4727677872754016], [0.2752668222341656, 0.49401356107433847], [0.2954659357861575, 0.5405358959461178], [0.3088919716963347, 0.5463278212077839], [0.31387547419996353, 0.5826146100481191], [0.3409219546116103, 0.6112659440297032], [0.3566061808364531, 0.6624189963541889], [0.3949927562822506, 0.7017968115859485], [0.42374470182528184, 0.7625837051379336], [0.44559025568828214, 0.7807912963451594], [0.46260380125462575, 0.7651910563975974], [0.4762146377077006, 0.7227108644395479], [0.4871033068701605, 0.6587267108731083], [0.49581424220012843, 0.5775393880199565], [0.5327829904641028, 0.5125895297374351], [0.5623579890752823, 0.490629643111418], [0.5842858637272659, 0.5022831793547906], [0.5980782912756537, 0.5412417266029744], [0.6384234140242554, 0.5766182667739164]]"
6,agent_5,37.2549099098874,1,43,1.3777814073413897,1.0652980555120584,0.7731981646984851,0,8,8,8,0.18604651162790697,23,1,0.5348837209302325,1.0,0.9995770970767358,0,14,22,3,1,22,0.5116279069767442,3,4,dqn,0,0,6,"[0.5527489165028197, -0.355072066489621]","[[0.5527489165028197, -0.355072066489621], [0.5527489165028197, -0.355072066489621], [0.5527489165028197, -0.32507206648962095], [0.5527489165028197, -0.27107206648962096], [0.5527489165028197, -0.19787206648962094], [0.5527489165028197, -0.10931206648962091], [0.5527489165028197, -0.009312066489620907], [0.5527489165028197, 0.0906879335103791], [0.5527489165028197, 0.1906879335103791], [0.5527489165028197, 0.29068793351037914], [0.5527489165028197, 0.3406879335103791], [0.5527489165028197, 0.35068793351037914], [0.5527489165028197, 0.3286879335103791], [0.5527489165028197, 0.34108793351037914], [0.5527489165028197, 0.38100793351037915], [0.5527489165028197, 0.38294393351037914], [0.5527489165028197, 0.41449273351037913], [0.5527489165028197, 0.40973177351037915], [0.5527489165028197, 0.43592300551037916], [0.5527489165028197, 0.48687599111037916], [0.5527489165028197, 0.49763837959037915], [0.5527489165028197, 0.5362482903743792], [0.5527489165028197, 0.5371362190015792], [0.5527489165028197, 0.5678465619033392], [0.5527489165028197, 0.5624148362247472], [0.5527489165028197, 0.5880694556818736], [0.5527489165028197, 0.5785931512475747], [0.5527489165028197, 0.6010121077001356], [0.5551783331128248, 0.5901779597579334], [0.559227358762184, 0.6136414042651027], [0.5648796822197649, 0.6000422353660828], [0.5732386344529782, 0.6192688180268621], [0.5811511524723141, 0.6026720523419408], [0.5898625658519833, 0.618070967461475], [0.5972922540324713, 0.5997877043202394], [0.6040393664848662, 0.6145952202904544], [0.6094370564467821, 0.5964412330666264], [0.6137552084163148, 0.5519180432875641], [0.617209729991941, 0.5462994914643142], [0.6199733472524419, 0.5118046500057143], [0.6221842410608427, 0.5142087768388344], [0.6239529561075633, 0.5461320783053304], [0.6253679281449398, 0.6016707194785272]]"
